INSERT INTO COMPANY (ID, NAME, OPEN_TIME, CLOSE_TIME)VALUES (1, 'inventain', '10:00:00', '20:00:00');
INSERT INTO COMPANY (ID, NAME, OPEN_TIME, CLOSE_TIME)VALUES (2, 'BSU', '10:00:00', '20:00:00');
INSERT INTO COMPANY (ID, NAME, OPEN_TIME, CLOSE_TIME)VALUES (3, 'company1', '10:00:00', '20:00:00');
INSERT INTO COMPANY (ID, NAME, OPEN_TIME, CLOSE_TIME)VALUES (4, 'company2', '10:00:00', '20:00:00');
INSERT INTO COMPANY (ID, NAME, OPEN_TIME, CLOSE_TIME)VALUES (5, 'company3', '10:00:00', '20:00:00');
INSERT INTO COMPANY (ID, NAME, OPEN_TIME, CLOSE_TIME)VALUES (6, 'company4', '10:00:00', '20:00:00');
INSERT INTO COMPANY (ID, NAME, OPEN_TIME, CLOSE_TIME)VALUES (7, 'company5', '10:00:00', '20:00:00');
INSERT INTO COMPANY (ID, NAME, OPEN_TIME, CLOSE_TIME)VALUES (8, 'company6', '10:00:00', '20:00:00');
INSERT INTO EMPLOYEE (EMP_ID, FIRST_NAME, LAST_NAME, COMPANY_ID )VALUES (1, 'qwe', 'asd', 1);
INSERT INTO EMPLOYEE (EMP_ID, FIRST_NAME, LAST_NAME, COMPANY_ID )VALUES (2, 'qweasd', 'asdqwe', 1);
INSERT INTO EMPLOYEE (EMP_ID, FIRST_NAME, LAST_NAME, COMPANY_ID )VALUES (3, '12345', 'zxcvb', 2);
INSERT INTO MEETING (ID, START_TIME, END_TIME, COMPANY_ID, EMPLOYEE_ID) VALUES (1, PARSEDATETIME('2011-03-22 10:00','yyyy-MM-dd HH:mm'), PARSEDATETIME('2011-03-22 12:00','yyyy-MM-dd HH:mm'), 1, 1);
INSERT INTO MEETING (ID, START_TIME, END_TIME, COMPANY_ID, EMPLOYEE_ID) VALUES (2, PARSEDATETIME('2011-03-22 12:00','yyyy-MM-dd HH:mm'), PARSEDATETIME('2011-03-22 12:30','yyyy-MM-dd HH:mm'), 1, 2);
INSERT INTO MEETING (ID, START_TIME, END_TIME, COMPANY_ID, EMPLOYEE_ID) VALUES (3, PARSEDATETIME('2011-03-25 12:00','yyyy-MM-dd HH:mm'), PARSEDATETIME('2011-03-25 12:30','yyyy-MM-dd HH:mm'), 1, 2);
INSERT INTO MEETING (ID, START_TIME, END_TIME, COMPANY_ID, EMPLOYEE_ID) VALUES (4, PARSEDATETIME('2011-03-20 12:00','yyyy-MM-dd HH:mm'), PARSEDATETIME('2011-03-20 12:30','yyyy-MM-dd HH:mm'), 1, 1);
INSERT INTO MEETING (ID, START_TIME, END_TIME, COMPANY_ID, EMPLOYEE_ID) VALUES (5, PARSEDATETIME('2011-03-21 12:00','yyyy-MM-dd HH:mm'), PARSEDATETIME('2011-03-21 12:30','yyyy-MM-dd HH:mm'), 1, 1);
INSERT INTO MEETING (ID, START_TIME, END_TIME, COMPANY_ID, EMPLOYEE_ID) VALUES (6, PARSEDATETIME('2011-03-22 10:00','yyyy-MM-dd HH:mm'), PARSEDATETIME('2011-03-22 12:00','yyyy-MM-dd HH:mm'), 2, 3);
